time_s,truth_m,sensor_a_m,sensor_b_m,filtered_a_m,filtered_b_m,estimate_m
0.0,2.8,2.7600000000000002,2.88,2.7600000000000002,2.88,2.8200000000000003
0.05,2.8,2.69,,2.725,2.88,2.8025
0.1,2.8,3.08,,2.7600000000000002,2.88,2.8200000000000003
0.15000000000000002,2.8,2.58,,2.725,2.88,2.8025
0.2,2.8,2.68,2.86,2.69,2.8729999999999998,2.7815
0.25,2.8,2.47,,2.685,2.8729999999999998,2.779
0.30000000000000004,2.8,3.2,,2.69,2.8729999999999998,2.7815
0.35000000000000003,2.8,3.0300000000000002,,2.725,2.8729999999999998,2.799
0.4,2.8,2.66,2.84,2.69,2.8614499999999996,2.7757249999999996
0.45,2.8,2.89,,2.69,2.8614499999999996,2.7757249999999996
0.5,2.8,2.86,,2.86,2.8614499999999996,2.8607249999999995
0.55,2.8,2.88,,2.86,2.8614499999999996,2.8607249999999995
0.6000000000000001,2.8,2.63,2.84,2.86,2.8539424999999996,2.85697125
0.65,2.8,2.63,,2.86,2.8539424999999996,2.85697125
0.7000000000000001,2.8,2.75,,2.86,2.8539424999999996,2.85697125
0.75,2.8,2.88,,2.86,2.8539424999999996,2.85697125
0.8,2.8,2.87,,2.86,2.8539424999999996,2.85697125
0.8500000000000001,2.8,2.88,,2.87,2.8539424999999996,2.86197125
0.9,2.8,2.79,,2.86,2.8539424999999996,2.85697125
0.9500000000000001,2.8,2.56,,2.79,2.8539424999999996,2.82197125
1.0,2.8,2.63,2.82,2.75,2.8420626249999996,2.7960313125
1.05,2.8,2.95,,2.79,2.8420626249999996,2.8160313125
1.1,2.8,2.68,,2.79,2.8420626249999996,2.8160313125
1.1500000000000001,2.8,2.46,,2.79,2.8420626249999996,2.8160313125
1.2000000000000002,2.8,3.0500000000000003,2.84,2.79,2.8413407062499996,2.815670353125
1.25,2.8,2.72,,2.72,2.8413407062499996,2.780670353125
1.3,2.8,3.0500000000000003,,2.72,2.8413407062499996,2.780670353125
1.35,2.8,2.7800000000000002,,2.72,2.8413407062499996,2.780670353125
1.4000000000000001,2.8,3.93,2.94,2.7800000000000002,2.8758714590624996,2.8279357295312497
1.4500000000000002,2.8,2.89,,2.89,2.8758714590624996,2.88293572953125
1.5,2.8,2.69,,2.7800000000000002,2.8758714590624996,2.8279357295312497
1.55,2.8,3.16,,2.89,2.8758714590624996,2.88293572953125
1.6,2.8,2.81,2.82,2.89,2.8563164483906247,2.873158224195312
1.6500000000000001,2.8,3.08,,2.89,2.8563164483906247,2.873158224195312
1.7000000000000002,2.8,2.62,,2.89,2.8563164483906247,2.873158224195312
1.75,2.8,2.67,,2.81,2.8563164483906247,2.833158224195312
1.8,2.8,2.88,2.2800000000000002,2.88,2.6546056914539062,2.7673028457269533
1.85,2.8,2.68,,2.81,2.6546056914539062,2.732302845726953
1.9000000000000001,2.8,2.85,,2.81,2.6546056914539062,2.732302845726953
1.9500000000000002,2.8,2.72,,2.81,2.6546056914539062,2.732302845726953
2.0,2.8,3.0100000000000002,2.96,2.81,2.7614936994450394,2.7857468497225195
2.0500000000000003,2.8,3.0500000000000003,,2.85,2.7614936994450394,2.80574684972252
2.1,2.8,2.84,,2.84,2.7614936994450394,2.8007468497225196
2.15,2.8,2.69,,2.84,2.7614936994450394,2.8007468497225196
2.2,2.8,2.64,2.94,2.84,2.8239709046392756,2.8319854523196377
2.25,2.8,3.06,,2.84,2.8239709046392756,2.8319854523196377
2.3000000000000003,2.8,2.2800000000000002,,2.84,2.8239709046392756,2.8319854523196377
2.35,2.8,2.71,,2.72,2.8239709046392756,2.7719854523196377
2.4000000000000004,2.8,2.82,2.84,2.82,2.829581088015529,2.8247905440077643
2.45,2.8,2.86,,2.82,2.829581088015529,2.8247905440077643
2.5,2.8,2.83,,2.82,2.829581088015529,2.8247905440077643
2.5500000000000003,2.8,2.52,,2.71,2.829581088015529,2.7697905440077646
2.6,2.8,2.7800000000000002,2.88,2.7800000000000002,2.847227707210094,2.8136138536050472
2.6500000000000004,2.8,2.0100000000000002,,2.7800000000000002,2.847227707210094,2.8136138536050472
2.7,2.8,2.7800000000000002,,2.7800000000000002,2.847227707210094,2.8136138536050472
2.75,2.8,3.15,,2.7800000000000002,2.847227707210094,2.8136138536050472
2.8000000000000003,2.8,3.0100000000000002,2.9,2.82,2.865698009686561,2.8428490048432806
2.85,2.8,3.4,,2.83,2.865698009686561,2.8478490048432805
2.9000000000000004,2.8,2.7600000000000002,,2.7800000000000002,2.865698009686561,2.8228490048432806
2.95,2.8,3.0300000000000002,,2.7800000000000002,2.865698009686561,2.8228490048432806
3.0,2.8,2.61,2.86,2.7800000000000002,2.8637037062962643,2.8218518531481322
3.0500000000000003,2.8,2.5500000000000003,,2.7800000000000002,2.8637037062962643,2.8218518531481322
3.1,2.8,2.66,,2.7800000000000002,2.8637037062962643,2.8218518531481322
3.1500000000000004,2.8,2.6,,2.7600000000000002,2.8637037062962643,2.8118518531481325
3.2,2.8,2.93,2.9,2.7600000000000002,2.8764074090925718,2.8182037045462858
3.25,2.8,2.92,,2.7600000000000002,2.8764074090925718,2.8182037045462858
3.3000000000000003,2.8,3.02,,2.7600000000000002,2.8764074090925718,2.8182037045462858
3.35,2.8,2.95,,2.92,2.8764074090925718,2.898203704546286
3.4000000000000004,2.8,2.57,2.7600000000000002,2.66,2.835664815910172,2.747832407955086
3.45,2.8,2.7600000000000002,,2.7600000000000002,2.835664815910172,2.7978324079550863
3.5,2.8,2.92,,2.92,2.835664815910172,2.877832407955086
3.5500000000000003,2.8,3.13,,2.92,2.835664815910172,2.877832407955086
3.6,2.8,2.93,2.88,2.93,2.851182130341612,2.890591065170806
3.6500000000000004,2.8,2.88,,2.92,2.851182130341612,2.885591065170806
3.7,2.8,2.99,,2.93,2.851182130341612,2.890591065170806
3.75,2.8,2.75,,2.92,2.851182130341612,2.885591065170806
3.8000000000000003,2.8,2.59,2.7800000000000002,2.88,2.8262683847220478,2.853134192361024
3.85,2.8,2.93,,2.92,2.8262683847220478,2.873134192361024
3.9000000000000004,2.8,2.5500000000000003,,2.92,2.8262683847220478,2.873134192361024
3.95,2.8,2.81,,2.88,2.8262683847220478,2.853134192361024
4.0,2.8,3.52,2.94,2.88,2.866074450069331,2.8730372250346656
4.05,2.8,2.96,,2.88,2.866074450069331,2.8730372250346656
4.1000000000000005,2.8,2.72,,2.81,2.866074450069331,2.8380372250346655
4.15,2.8,2.86,,2.81,2.866074450069331,2.8380372250346655
4.2,2.8,2.85,2.84,2.85,2.856948392545065,2.8534741962725327
4.25,2.8,2.77,,2.85,2.856948392545065,2.8534741962725327
4.3,2.8,3.08,,2.85,2.856948392545065,2.8534741962725327
4.3500000000000005,2.8,2.72,,2.85,2.856948392545065,2.8534741962725327
4.4,2.8,2.68,2.74,2.85,2.8160164551542923,2.833008227577146
4.45,2.8,2.98,,2.85,2.8160164551542923,2.833008227577146
4.5,2.8,3.14,,2.85,2.8160164551542923,2.833008227577146
4.55,2.8,2.48,,2.85,2.8160164551542923,2.833008227577146
4.6000000000000005,2.8,3.0300000000000002,2.82,2.85,2.81741069585029,2.833705347925145
4.65,2.8,3.0100000000000002,,2.98,2.81741069585029,2.8987053479251452
4.7,2.8,2.64,,2.98,2.81741069585029,2.8987053479251452
4.75,2.8,2.85,,2.85,2.81741069585029,2.833705347925145
4.800000000000001,2.8,2.7600000000000002,2.84,2.85,2.8253169523026886,2.8376584761513444
4.8500000000000005,2.8,2.67,,2.85,2.8253169523026886,2.8376584761513444
4.9,2.8,1.84,,2.7600000000000002,2.8253169523026886,2.7926584761513444
4.95,2.8,2.85,,2.7600000000000002,2.8253169523026886,2.7926584761513444
5.0,2.8,2.7800000000000002,2.9,2.7800000000000002,2.8514560189967475,2.8157280094983737
5.050000000000001,2.8,2.87,,2.7800000000000002,2.8514560189967475,2.8157280094983737
5.1000000000000005,2.8,2.93,,2.7800000000000002,2.8514560189967475,2.8157280094983737
5.15,2.8,2.64,,2.7800000000000002,2.8514560189967475,2.8157280094983737
5.2,2.8,2.65,2.82,2.7600000000000002,2.8404464123478856,2.8002232061739427
5.25,2.8,2.97,,2.7800000000000002,2.8404464123478856,2.810223206173943
5.300000000000001,2.8,2.6,,2.7800000000000002,2.8404464123478856,2.810223206173943
5.3500000000000005,2.8,,,2.7800000000000002,2.8404464123478856,2.810223206173943
5.4,2.8,,2.7800000000000002,2.7800000000000002,2.8192901680261255,2.799645084013063
5.45,2.8,2.83,,2.83,2.8192901680261255,2.8246450840130626
5.5,2.8,1.82,,2.7800000000000002,2.8192901680261255,2.799645084013063
5.550000000000001,2.8,2.8000000000000003,,2.8000000000000003,2.8192901680261255,2.809645084013063
5.6000000000000005,2.8,2.81,2.72,2.8000000000000003,2.7845386092169817,2.792269304608491
5.65,2.8,2.72,,2.72,2.7845386092169817,2.752269304608491
5.7,2.8,2.91,,2.8000000000000003,2.7845386092169817,2.792269304608491
5.75,2.8,2.99,,2.81,2.7845386092169817,2.797269304608491
5.800000000000001,2.8,2.94,2.9,2.81,2.824950095991038,2.817475047995519
5.8500000000000005,2.8,2.47,,2.81,2.824950095991038,2.817475047995519
5.9,2.8,2.69,,2.8000000000000003,2.824950095991038,2.812475047995519
5.95,2.8,2.75,,2.8000000000000003,2.824950095991038,2.812475047995519
6.0,1.15,1.1,1.2,2.75,2.2562175623941747,2.5031087811970876
6.050000000000001,1.15,1.1,,2.72,2.2562175623941747,2.4881087811970874
6.1000000000000005,1.15,1.11,,2.69,2.2562175623941747,2.4731087811970873
6.15,1.15,1.34,,2.47,2.2562175623941747,2.3631087811970874
6.2,1.15,1.27,1.1400000000000001,1.34,1.8655414155562136,1.6027707077781068
6.25,1.15,0.97,,1.27,1.8655414155562136,1.5677707077781067
6.300000000000001,1.15,1.24,,1.24,1.8655414155562136,1.5527707077781068
6.3500000000000005,1.15,1.1400000000000001,,1.1400000000000001,1.8655414155562136,1.5027707077781067
6.4,1.15,1.03,1.22,1.11,1.6396019201115388,1.3748009600557696
6.45,1.15,1.3900000000000001,,1.1400000000000001,1.6396019201115388,1.3898009600557695
6.5,1.15,1.3900000000000001,,1.24,1.6396019201115388,1.4398009600557695
6.550000000000001,1.15,1.29,,1.27,1.6396019201115388,1.4548009600557694
6.6000000000000005,1.15,1.04,1.24,1.24,1.4997412480725003,1.3698706240362502
6.65,1.15,1.29,,1.24,1.4997412480725003,1.3698706240362502
6.7,1.15,1.24,,1.24,1.4997412480725003,1.3698706240362502
6.75,1.15,1.21,,1.24,1.4997412480725003,1.3698706240362502
6.800000000000001,1.15,1.3900000000000001,1.22,1.29,1.4018318112471253,1.3459159056235626
6.8500000000000005,1.15,0.9400000000000001,,1.29,1.4018318112471253,1.3459159056235626
6.9,1.15,1.18,,1.24,1.4018318112471253,1.3209159056235626
6.95,1.15,1.34,,1.24,1.4018318112471253,1.3209159056235626
7.0,1.15,1.26,1.3,1.24,1.3661906773106316,1.3030953386553157
7.050000000000001,1.15,0.88,,1.24,1.3661906773106316,1.3030953386553157
7.1000000000000005,1.15,1.17,,1.21,1.3661906773106316,1.2880953386553158
7.15,1.15,1.1400000000000001,,1.18,1.3661906773106316,1.2730953386553159
7.2,1.15,1.24,1.28,1.18,1.3360239402519105,1.2580119701259553
7.25,1.15,0.14,,1.17,1.3360239402519105,1.2530119701259552
7.300000000000001,1.15,2.04,,1.18,1.3360239402519105,1.2580119701259553
7.3500000000000005,1.15,1.32,,1.24,1.3360239402519105,1.2880119701259551
7.4,1.15,0.98,1.24,1.17,1.3024155611637418,1.236207780581871
7.45,1.15,1.05,,1.1400000000000001,1.3024155611637418,1.2212077805818708
7.5,1.15,1.26,,1.17,1.3024155611637418,1.236207780581871
7.550000000000001,1.15,1.11,,1.1400000000000001,1.3024155611637418,1.2212077805818708
7.6000000000000005,1.15,1.19,1.1400000000000001,1.19,1.2455701147564322,1.217785057378216
7.65,1.15,1.01,,1.11,1.2455701147564322,1.177785057378216
7.7,1.15,0.9500000000000001,,1.11,1.2455701147564322,1.177785057378216
7.75,1.15,1.34,,1.11,1.2455701147564322,1.177785057378216
7.800000000000001,1.15,1.24,1.26,1.11,1.250620574591681,1.1803102872958404
7.8500000000000005,1.15,1.3,,1.19,1.250620574591681,1.2203102872958405
7.9,1.15,1.21,,1.21,1.250620574591681,1.2303102872958405
7.95,1.15,1.09,,1.19,1.250620574591681,1.2203102872958405
8.0,1.15,1.08,1.22,1.19,1.2399033734845926,1.2149516867422963
8.05,1.15,1.1300000000000001,,1.1300000000000001,1.2399033734845926,1.1849516867422962
8.1,1.15,0.98,,1.1300000000000001,1.2399033734845926,1.1849516867422962
8.15,1.15,0.86,,1.1300000000000001,1.2399033734845926,1.1849516867422962
8.200000000000001,1.15,1.25,1.18,1.1300000000000001,1.2189371927649852,1.1744685963824928
8.25,1.15,0.93,,1.09,1.2189371927649852,1.1544685963824928
8.3,1.15,1.18,,1.09,1.2189371927649852,1.1544685963824928
8.35,1.15,1.24,,1.09,1.2189371927649852,1.1544685963824928
8.4,1.15,1.32,1.3,1.1300000000000001,1.2473091752972403,1.18865458764862
8.450000000000001,1.15,1.1300000000000001,,1.1300000000000001,1.2473091752972403,1.18865458764862
8.5,1.15,1.07,,1.1300000000000001,1.2473091752972403,1.18865458764862
8.55,1.15,1.03,,1.1300000000000001,1.2473091752972403,1.18865458764862
8.6,1.15,1.1400000000000001,1.22,1.1400000000000001,1.2377509639432063,1.1888754819716032
8.65,1.15,0.81,,1.1300000000000001,1.2377509639432063,1.183875481971603
8.700000000000001,1.15,,,1.1300000000000001,1.2377509639432063,1.183875481971603
8.75,1.15,0.9400000000000001,,1.1300000000000001,1.2377509639432063,1.183875481971603
8.8,1.15,1.07,1.3,1.07,1.259538126563084,1.164769063281542
8.85,1.15,0.89,,1.07,1.259538126563084,1.164769063281542
8.9,1.15,1.11,,1.07,1.259538126563084,1.164769063281542
8.950000000000001,1.15,1.49,,1.07,1.259538126563084,1.164769063281542
9.0,1.15,1.28,1.12,1.07,1.2106997822660048,1.1403498911330026
9.05,1.15,1.32,,1.11,1.2106997822660048,1.1603498911330026
9.1,1.15,1.02,,1.07,1.2106997822660048,1.1403498911330026
9.15,1.15,1.6,,1.11,1.2106997822660048,1.1603498911330026
9.200000000000001,1.15,1.21,1.18,1.21,1.1999548584729032,1.2049774292364517
9.25,1.15,1.1,,1.21,1.1999548584729032,1.2049774292364517
9.3,1.15,1.05,,1.21,1.1999548584729032,1.2049774292364517
9.35,1.15,1.23,,1.23,1.1999548584729032,1.2149774292364515
9.4,1.15,1.26,1.1400000000000001,1.23,1.178970658007387,1.2044853290036936
9.450000000000001,1.15,1.22,,1.22,1.178970658007387,1.1994853290036935
9.5,1.15,0.98,,1.21,1.178970658007387,1.1944853290036934
9.55,1.15,1.21,,1.21,1.178970658007387,1.1944853290036934
9.600000000000001,1.15,1.08,1.18,1.21,1.1793309277048016,1.1946654638524008
9.65,1.15,1.12,,1.12,1.1793309277048016,1.1496654638524009
9.700000000000001,1.15,1.29,,1.21,1.1793309277048016,1.1946654638524008
9.75,1.15,1.2,,1.21,1.1793309277048016,1.1946654638524008
9.8,1.15,1.12,1.24,1.2,1.200565103008121,1.2002825515040605
9.850000000000001,1.15,1.22,,1.2,1.200565103008121,1.2002825515040605
9.9,1.15,1.23,,1.2,1.200565103008121,1.2002825515040605
9.950000000000001,1.15,0.93,,1.2,1.200565103008121,1.2002825515040605
10.0,1.15,0.99,1.18,1.12,1.1933673169552788,1.1566836584776394
10.05,1.161,1.1400000000000001,,1.1400000000000001,1.1933673169552788,1.1666836584776394
10.100000000000001,1.1720000000000002,0.88,,1.1400000000000001,1.1933673169552788,1.1666836584776394
10.15,1.183,1.1500000000000001,,1.1400000000000001,1.1933673169552788,1.1666836584776394
10.200000000000001,1.1940000000000002,1.16,1.28,1.1400000000000001,1.2236887560209313,1.1818443780104657
10.25,1.2049999999999998,1.31,,1.1500000000000001,1.2236887560209313,1.1868443780104658
10.3,1.216,1.11,,1.1400000000000001,1.2236887560209313,1.1818443780104657
10.350000000000001,1.2270000000000003,1.57,,1.1400000000000001,1.2236887560209313,1.1818443780104657
10.4,1.238,1.17,1.18,1.1500000000000001,1.2083976914136054,1.1791988457068028
10.450000000000001,1.249,1.1400000000000001,,1.1500000000000001,1.2083976914136054,1.1791988457068028
10.5,1.26,1.24,,1.16,1.2083976914136054,1.1841988457068027
10.55,1.2710000000000001,1.54,,1.17,1.2083976914136054,1.1891988457068026
10.600000000000001,1.2820000000000003,1.0,1.2,1.17,1.2054584994188435,1.1877292497094216
10.65,1.293,1.07,,1.17,1.2054584994188435,1.1877292497094216
10.700000000000001,1.3040000000000003,1.12,,1.1400000000000001,1.2054584994188435,1.172729249709422
10.75,1.315,1.32,,1.17,1.2054584994188435,1.1877292497094216
10.8,1.326,1.59,1.42,1.17,1.2805480246222483,1.225274012311124
10.850000000000001,1.3370000000000002,1.43,,1.24,1.2805480246222483,1.260274012311124
10.9,1.348,1.24,,1.24,1.2805480246222483,1.260274012311124
10.950000000000001,1.3590000000000002,1.49,,1.32,1.2805480246222483,1.300274012311124
11.0,1.3699999999999999,1.02,1.42,1.24,1.3293562160044614,1.2846781080022307
11.05,1.381,1.3900000000000001,,1.32,1.3293562160044614,1.3246781080022307
11.100000000000001,1.3920000000000003,1.3900000000000001,,1.3900000000000001,1.3293562160044614,1.3596781080022309
11.15,1.403,1.34,,1.3900000000000001,1.3293562160044614,1.3596781080022309
11.200000000000001,1.4140000000000001,1.3900000000000001,1.46,1.3900000000000001,1.3750815404029,1.38254077020145
11.25,1.4249999999999998,1.46,,1.3900000000000001,1.3750815404029,1.38254077020145
11.3,1.436,1.44,,1.3900000000000001,1.3750815404029,1.38254077020145
11.350000000000001,1.4470000000000003,1.55,,1.3900000000000001,1.3750815404029,1.38254077020145
11.4,1.458,1.3900000000000001,1.58,1.3900000000000001,1.4468030012618849,1.4184015006309425
11.450000000000001,1.469,1.6500000000000001,,1.3900000000000001,1.4468030012618849,1.4184015006309425
11.5,1.48,1.69,,1.44,1.4468030012618849,1.4434015006309424
11.55,1.491,2.7600000000000002,,1.46,1.4468030012618849,1.4534015006309424
11.600000000000001,1.5020000000000002,1.5,1.6400000000000001,1.5,1.5144219508202252,1.5072109754101126
11.65,1.513,1.47,,1.5,1.5144219508202252,1.5072109754101126
11.700000000000001,1.524,1.57,,1.55,1.5144219508202252,1.5322109754101128
11.75,1.535,1.6,,1.57,1.5144219508202252,1.5422109754101125
11.8,1.546,2.11,1.62,1.6,1.5513742680331464,1.5756871340165732
11.850000000000001,1.5570000000000002,1.47,,1.6,1.5513742680331464,1.5756871340165732
11.9,1.568,1.47,,1.57,1.5513742680331464,1.560687134016573
11.950000000000001,1.5790000000000002,1.6500000000000001,,1.57,1.5513742680331464,1.560687134016573
12.0,1.5899999999999999,1.6400000000000001,1.6400000000000001,1.57,1.5823932742215452,1.5761966371107725
12.05,1.601,1.93,,1.6,1.5823932742215452,1.5911966371107726
12.100000000000001,1.612,1.6400000000000001,,1.6400000000000001,1.5823932742215452,1.6111966371107727
12.15,1.623,1.62,,1.6400000000000001,1.5823932742215452,1.6111966371107727
12.200000000000001,1.6340000000000001,1.61,1.6400000000000001,1.6400000000000001,1.6025556282440045,1.6212778141220023
12.25,1.645,1.55,,1.62,1.6025556282440045,1.6112778141220023
12.3,1.6560000000000001,1.6500000000000001,,1.6400000000000001,1.6025556282440045,1.6212778141220023
12.350000000000001,1.6670000000000003,1.97,,1.6400000000000001,1.6025556282440045,1.6212778141220023
12.4,1.678,1.79,1.8,1.6400000000000001,1.671661158358603,1.6558305791793015
12.450000000000001,1.689,1.75,,1.6500000000000001,1.671661158358603,1.6608305791793017
12.5,1.7,1.71,,1.6500000000000001,1.671661158358603,1.6608305791793017
12.55,1.711,1.43,,1.6500000000000001,1.671661158358603,1.6608305791793017
12.600000000000001,1.7220000000000002,1.82,1.82,1.71,1.723579752933092,1.716789876466546
12.65,1.733,1.95,,1.75,1.723579752933092,1.736789876466546
12.700000000000001,1.7440000000000002,1.48,,1.75,1.723579752933092,1.736789876466546
12.75,1.755,1.31,,1.75,1.723579752933092,1.736789876466546
12.8,1.766,1.87,1.76,1.75,1.7363268394065097,1.7431634197032548
12.850000000000001,1.7770000000000001,1.69,,1.71,1.7363268394065097,1.7231634197032548
12.9,1.788,1.8900000000000001,,1.71,1.7363268394065097,1.7231634197032548
12.950000000000001,1.7990000000000002,1.85,,1.82,1.7363268394065097,1.778163419703255
13.0,1.81,1.9000000000000001,1.84,1.85,1.7726124456142314,1.8113062228071157
13.05,1.8210000000000002,1.55,,1.85,1.7726124456142314,1.8113062228071157
13.100000000000001,1.8320000000000003,2.0,,1.85,1.7726124456142314,1.8113062228071157
13.15,1.843,2.13,,1.87,1.7726124456142314,1.8213062228071157
13.200000000000001,1.854,1.79,1.92,1.87,1.8241980896492505,1.8470990448246254
13.25,1.8649999999999998,2.17,,1.8900000000000001,1.8241980896492505,1.8570990448246252
13.3,1.8760000000000001,1.61,,1.8900000000000001,1.8241980896492505,1.8570990448246252
13.350000000000001,1.8870000000000002,1.93,,1.9000000000000001,1.8241980896492505,1.8620990448246253
13.4,1.8980000000000001,2.16,1.96,1.93,1.8717287582720128,1.9008643791360065
13.450000000000001,1.9090000000000003,2.17,,2.0,1.8717287582720128,1.9358643791360064
13.5,1.92,2.23,,2.13,1.8717287582720128,2.000864379136006
13.55,1.931,1.93,,2.13,1.8717287582720128,2.000864379136006
13.600000000000001,1.9420000000000002,1.6400000000000001,1.98,1.93,1.9096236928768082,1.919811846438404
13.65,1.9529999999999998,2.2,,2.16,1.9096236928768082,2.034811846438404
13.700000000000001,1.9640000000000002,2.13,,2.13,1.9096236928768082,2.019811846438404
13.75,1.9749999999999999,2.11,,2.13,1.9096236928768082,2.019811846438404
13.8,1.9860000000000002,1.9000000000000001,2.0,2.13,1.9412554003699254,2.0356277001849628
13.850000000000001,1.9970000000000003,1.98,,2.11,1.9412554003699254,2.0256277001849625
13.9,2.008,2.0,,2.0,1.9412554003699254,1.9706277001849628
13.950000000000001,2.019,1.77,,1.98,1.9412554003699254,1.9606277001849626
14.0,2.03,1.58,2.08,1.98,1.9898160102404516,1.984908005120226
14.05,2.041,2.52,,2.0,1.9898160102404516,1.9949080051202257
14.100000000000001,2.0520000000000005,1.98,,1.98,1.9898160102404516,1.984908005120226
14.15,2.0629999999999997,2.15,,1.98,1.9898160102404516,1.984908005120226
14.200000000000001,2.0740000000000003,1.1400000000000001,2.14,1.98,2.0423804066562936,2.011190203328147
14.25,2.085,1.85,,1.98,2.0423804066562936,2.011190203328147
14.3,2.096,2.09,,1.98,2.0423804066562936,2.011190203328147
14.350000000000001,2.107,1.82,,1.85,2.0423804066562936,1.9461902033281469
14.4,2.118,3.14,2.32,1.98,2.1395472643265907,2.0597736321632953
14.450000000000001,2.129,2.37,,2.09,2.1395472643265907,2.1147736321632955
14.5,2.1399999999999997,2.2800000000000002,,2.09,2.1395472643265907,2.1147736321632955
14.55,2.151,2.23,,2.15,2.1395472643265907,2.1447736321632953
14.600000000000001,2.162,2.04,2.18,2.09,2.153705721812284,2.121852860906142
14.65,2.173,2.3000000000000003,,2.23,2.153705721812284,2.191852860906142
14.700000000000001,2.184,2.24,,2.24,2.153705721812284,2.196852860906142
14.75,2.195,2.31,,2.2800000000000002,2.153705721812284,2.216852860906142
14.8,2.2060000000000004,2.16,2.38,2.2800000000000002,2.232908719177985,2.2564543595889925
14.850000000000001,2.2170000000000005,2.37,,2.2800000000000002,2.232908719177985,2.2564543595889925
14.9,2.2279999999999998,2.38,,2.2800000000000002,2.232908719177985,2.2564543595889925
14.950000000000001,2.239,2.39,,2.3000000000000003,2.232908719177985,2.2664543595889928
15.0,2.25,2.12,2.34,2.3000000000000003,2.27039066746569,2.2851953337328452
15.05,2.254,2.5300000000000002,,2.31,2.27039066746569,2.290195333732845
15.100000000000001,2.258,2.06,,2.31,2.27039066746569,2.290195333732845
15.15,2.262,3.17,,2.37,2.27039066746569,2.320195333732845
15.200000000000001,2.266,1.83,2.3000000000000003,2.37,2.2807539338526985,2.325376966926349
15.25,2.27,,,2.37,2.2807539338526985,2.325376966926349
15.3,2.274,2.66,,2.38,2.2807539338526985,2.330376966926349
15.350000000000001,2.278,2.2600000000000002,,2.38,2.2807539338526985,2.330376966926349
15.4,2.282,2.43,2.36,2.39,2.308490057004254,2.349245028502127
15.450000000000001,2.286,2.23,,2.2600000000000002,2.308490057004254,2.284245028502127
15.5,2.29,2.35,,2.35,2.308490057004254,2.329245028502127
15.55,2.294,2.27,,2.27,2.308490057004254,2.289245028502127
15.600000000000001,2.298,2.18,2.3000000000000003,2.27,2.305518537052765,2.287759268526383
15.65,2.302,2.6,,2.27,2.305518537052765,2.287759268526383
15.700000000000001,2.306,2.41,,2.35,2.305518537052765,2.327759268526383
15.75,2.31,2.0,,2.27,2.305518537052765,2.287759268526383
15.8,2.314,2.38,2.42,2.35,2.3455870490842976,2.3477935245421486
15.850000000000001,2.318,2.29,,2.29,2.3455870490842976,2.317793524542149
15.9,2.322,2.19,,2.29,2.3455870490842976,2.317793524542149
15.950000000000001,2.326,2.22,,2.27,2.3455870490842976,2.3077935245421486
16.0,2.33,2.14,2.36,2.22,2.3506315819047936,2.2853157909523967
16.05,2.334,1.96,,2.22,2.3506315819047936,2.2853157909523967
16.1,2.338,2.46,,2.22,2.3506315819047936,2.2853157909523967
16.150000000000002,2.342,2.39,,2.22,2.3506315819047936,2.2853157909523967
16.2,2.346,2.21,2.36,2.22,2.353910528238116,2.286955264119058
16.25,2.35,2.25,,2.22,2.353910528238116,2.286955264119058
16.3,2.354,2.29,,2.22,2.353910528238116,2.286955264119058
16.35,2.358,2.49,,2.25,2.353910528238116,2.3019552641190577
16.400000000000002,2.362,2.68,2.4,2.29,2.3700418433547754,2.330020921677388
16.45,2.366,2.5500000000000003,,2.39,2.3700418433547754,2.3800209216773878
16.5,2.37,2.43,,2.43,2.3700418433547754,2.400020921677388
16.55,2.374,2.27,,2.39,2.3700418433547754,2.3800209216773878
16.6,2.378,2.6,2.44,2.43,2.394527198180604,2.412263599090302
16.650000000000002,2.382,2.34,,2.43,2.394527198180604,2.412263599090302
16.7,2.386,2.04,,2.43,2.394527198180604,2.412263599090302
16.75,2.39,2.12,,2.43,2.394527198180604,2.412263599090302
16.8,2.394,2.32,2.5,2.34,2.4314426788173926,2.385721339408696
16.85,2.398,2.41,,2.34,2.4314426788173926,2.385721339408696
16.900000000000002,2.402,2.4,,2.34,2.4314426788173926,2.385721339408696
16.95,2.406,2.34,,2.34,2.4314426788173926,2.385721339408696
17.0,2.41,,2.46,2.34,2.4414377412313053,2.3907188706156526
17.05,2.414,2.2800000000000002,,2.34,2.4414377412313053,2.3907188706156526
17.1,2.418,2.5300000000000002,,2.34,2.4414377412313053,2.3907188706156526
17.150000000000002,2.422,2.65,,2.34,2.4414377412313053,2.3907188706156526
17.2,2.426,2.32,2.44,2.34,2.4409345318003486,2.390467265900174
17.25,2.43,2.47,,2.4,2.4409345318003486,2.4204672659001742
17.3,2.434,2.5500000000000003,,2.41,2.4409345318003486,2.425467265900174
17.35,2.438,2.5100000000000002,,2.47,2.4409345318003486,2.4554672659001744
17.400000000000002,2.442,2.34,2.5,2.47,2.461607445670227,2.4658037228351137
17.45,2.4459999999999997,2.57,,2.5100000000000002,2.461607445670227,2.4858037228351133
17.5,2.45,2.5100000000000002,,2.5100000000000002,2.461607445670227,2.4858037228351133
17.55,2.454,2.2800000000000002,,2.5100000000000002,2.461607445670227,2.4858037228351133
17.6,2.458,2.71,,2.5100000000000002,2.461607445670227,2.4858037228351133
17.650000000000002,2.462,2.47,,2.5100000000000002,2.461607445670227,2.4858037228351133
17.7,2.4659999999999997,2.08,,2.5100000000000002,2.461607445670227,2.4858037228351133
17.75,2.47,2.5,,2.5,2.461607445670227,2.4808037228351134
17.8,2.474,2.65,2.48,2.5,2.4680448396856476,2.484022419842824
17.85,2.478,2.66,,2.5100000000000002,2.4680448396856476,2.489022419842824
17.900000000000002,2.482,2.56,,2.5100000000000002,2.4680448396856476,2.489022419842824
17.95,2.4859999999999998,2.35,,2.5,2.4680448396856476,2.484022419842824
18.0,2.49,2.2,2.5,2.5,2.4792291457956708,2.4896145728978354
18.05,2.494,1.95,,2.47,2.4792291457956708,2.4746145728978357
18.1,2.498,2.62,,2.5,2.4792291457956708,2.4896145728978354
18.150000000000002,2.5020000000000002,2.57,,2.56,2.4792291457956708,2.5196145728978356
18.2,2.506,2.61,2.58,2.57,2.514498944767186,2.5422494723835927
18.25,2.51,3.45,,2.57,2.514498944767186,2.5422494723835927
18.3,2.5140000000000002,2.34,,2.56,2.514498944767186,2.5372494723835928
18.35,2.5180000000000002,2.41,,2.41,2.514498944767186,2.462249472383593
18.400000000000002,2.5220000000000002,2.48,2.68,2.48,2.572424314098671,2.5262121570493354
18.45,2.526,2.57,,2.57,2.572424314098671,2.5712121570493354
18.5,2.5300000000000002,1.6400000000000001,,2.57,2.572424314098671,2.5712121570493354
18.55,2.5340000000000003,2.65,,2.57,2.572424314098671,2.5712121570493354
18.6,2.5380000000000003,2.54,2.52,2.54,2.5540758041641363,2.547037902082068
18.650000000000002,2.5420000000000003,2.5500000000000003,,2.54,2.5540758041641363,2.547037902082068
18.7,2.546,2.47,,2.48,2.5540758041641363,2.517037902082068
18.75,2.55,2.57,,2.54,2.5540758041641363,2.547037902082068
18.8,2.5540000000000003,2.64,2.72,2.5500000000000003,2.612149272706689,2.5810746363533443
18.85,2.5580000000000003,2.6,,2.57,2.612149272706689,2.591074636353344
18.900000000000002,2.5620000000000003,2.69,,2.57,2.612149272706689,2.591074636353344
18.95,2.566,3.0,,2.6,2.612149272706689,2.6060746363533447
19.0,2.57,2.56,2.68,2.57,2.6358970272593476,2.6029485136296735
19.05,2.574,2.72,,2.6,2.6358970272593476,2.617948513629674
19.1,2.5780000000000003,2.57,,2.6,2.6358970272593476,2.617948513629674
19.150000000000002,2.5820000000000003,2.61,,2.61,2.6358970272593476,2.622948513629674
19.200000000000003,2.5860000000000003,2.46,2.68,2.61,2.651333067718576,2.630666533859288
19.25,2.59,2.5,,2.6,2.651333067718576,2.625666533859288
19.3,2.5940000000000003,2.72,,2.61,2.651333067718576,2.630666533859288
19.35,2.5980000000000003,2.31,,2.57,2.651333067718576,2.6106665338592876
19.400000000000002,2.6020000000000003,3.84,2.7800000000000002,2.57,2.696366494017074,2.633183247008537
19.450000000000003,2.6060000000000003,2.67,,2.61,2.696366494017074,2.653183247008537
19.5,2.61,1.59,,2.57,2.696366494017074,2.633183247008537
19.55,2.614,2.71,,2.61,2.696366494017074,2.653183247008537
19.6,2.6180000000000003,2.5300000000000002,,2.5300000000000002,2.696366494017074,2.6131832470085374
19.650000000000002,2.6220000000000003,2.37,,2.5300000000000002,2.696366494017074,2.6131832470085374
19.700000000000003,2.6260000000000003,2.4,,2.5300000000000002,2.696366494017074,2.6131832470085374
19.75,2.63,3.02,,2.5300000000000002,2.696366494017074,2.6131832470085374
19.8,2.634,2.82,2.74,2.67,2.711638221111098,2.690819110555549
19.85,2.638,2.59,,2.59,2.711638221111098,2.650819110555549
19.900000000000002,2.6420000000000003,2.73,,2.59,2.711638221111098,2.650819110555549
19.950000000000003,2.6460000000000004,2.88,,2.71,2.711638221111098,2.710819110555549
